kingdom,phylum,class,order,family,genus,organism taxon name,ncbi_tax_id,in Q4O?,in FungiDB,core?Fungi,Ascomycota,Dothideomycetes,Pleosporales,Phaeosphaeriaceae,Parastagonospora,Phaeosphaeria nodorum SN15,321614,yes,no,Fungi,Ascomycota,Eurotiomycetes,Eurotiales,Aspergillaceae,Aspergillus,Aspergillus aculeatus ATCC 16872,690307,,yes,Fungi,Ascomycota,Eurotiomycetes,Eurotiales,Aspergillaceae,Aspergillus,Aspergillus carbonarius ITEM 5010,602072,,yes,Fungi,Ascomycota,Eurotiomycetes,Eurotiales,Aspergillaceae,Aspergillus,Aspergillus clavatus NRRL 1,344612,,yes,Fungi,Ascomycota,Eurotiomycetes,Eurotiales,Aspergillaceae,Aspergillus,Aspergillus flavus NRRL3357,332952,,yes,Fungi,Ascomycota,Eurotiomycetes,Eurotiales,Aspergillaceae,Aspergillus,Aspergillus fumigatus Af293,330879,yes,yes,Fungi,Ascomycota,Eurotiomycetes,Eurotiales,Aspergillaceae,Aspergillus,Aspergillus nidulans FGSC A4,227321,,yes,Fungi,Ascomycota,Eurotiomycetes,Eurotiales,Aspergillaceae,Aspergillus,Aspergillus niger ATCC 1015,380704,,yes,Fungi,Ascomycota,Eurotiomycetes,Eurotiales,Aspergillaceae,Aspergillus,Aspergillus niger CBS 513.88,425011,,yes,Fungi,Ascomycota,Eurotiomycetes,Eurotiales,Aspergillaceae,Aspergillus,Aspergillus terreus NIH2624,341663,,yes,Fungi,Ascomycota,Eurotiomycetes,Eurotiales,Aspergillaceae,Neosartorya,Neosartorya fischeri NRRL 181,331117,,yes,Fungi,Ascomycota,Eurotiomycetes,Eurotiales,Trichocomaceae,Talaromyces,Talaromyces marneffei ATCC 18224,441960,,yes,YESFungi,Ascomycota,Eurotiomycetes,Eurotiales,Trichocomaceae,Talaromyces,Talaromyces stipitatus ATCC 10500,441959,,yes,Fungi,Ascomycota,Eurotiomycetes,Onygenales,Ajellomycetaceae,Ajellomyces,Ajellomyces capsulatus G186AR,447093,,yes,Fungi,Ascomycota,Eurotiomycetes,Onygenales,Ajellomycetaceae,Ajellomyces,Ajellomyces capsulatus NAm1,339724,,yes,YESFungi,Ascomycota,Eurotiomycetes,Onygenales,,Coccidioides,Coccidioides immitis H538.4,396776,,yes,Fungi,Ascomycota,Eurotiomycetes,Onygenales,,Coccidioides,Coccidioides immitis RS,246410,,yes,YESFungi,Ascomycota,Eurotiomycetes,Onygenales,,Coccidioides,Coccidioides posadasii C735 delta SOWgp,222929,,yes,Fungi,Ascomycota,Leotiomycetes,Helotiales,Sclerotiniaceae,Botrytis,Botryotinia fuckeliana B05.10,332648,,yes,Fungi,Ascomycota,Leotiomycetes,Helotiales,Sclerotiniaceae,Sclerotinia,Sclerotinia sclerotiorum 1980 UF-70,665079,yes,yes,Fungi,Ascomycota,Pneumocystidomycetes,Pneumocystidales,Pneumocystidaceae,Pneumocystis,Pneumocystis jirovecii SE8,1209962,,yes,Fungi,Ascomycota,Saccharomycetes,Saccharomycetales,Debaryomycetaceae,Candida,Candida albicans SC5314,237561,yes,yes,Fungi,Ascomycota,Saccharomycetes,Saccharomycetales,Dipodascaceae,Yarrowia,Yarrowia lipolytica CLIB122,284591,yes,yes,Fungi,Ascomycota,Saccharomycetes,Saccharomycetales,Saccharomycetaceae,Nakaseomyces,Candida glabrata CBS 138,284593,,yes,Fungi,Ascomycota,Saccharomycetes,Saccharomycetales,Saccharomycetaceae,Saccharomyces,Saccharomyces cerevisiae S288c,559292,yes,yes,Fungi,Ascomycota,Schizosaccharomycetes,Schizosaccharomycetales,Schizosaccharomycetaceae,Schizosaccharomyces,Schizosaccharomyces japonicus yFS275,402676,,yes,Fungi,Ascomycota,Schizosaccharomycetes,Schizosaccharomycetales,Schizosaccharomycetaceae,Schizosaccharomyces,Schizosaccharomyces octosporus yFS286,483514,,yes,Fungi,Ascomycota,Schizosaccharomycetes,Schizosaccharomycetales,Schizosaccharomycetaceae,Schizosaccharomyces,Schizosaccharomyces pombe 972h-,284812,yes,yes,Fungi,Ascomycota,Sordariomycetes,Hypocreales,Hypocreaceae,Trichoderma,Trichoderma reesei QM6a,431241,,yes,YESFungi,Ascomycota,Sordariomycetes,Hypocreales,Nectriaceae,Fusarium,Fusarium graminearum PH-1,229533,,yes,Fungi,Ascomycota,Sordariomycetes,Hypocreales,Nectriaceae,Fusarium,Fusarium oxysporum f. sp. lycopersici 4287,426428,,yes,YESFungi,Ascomycota,Sordariomycetes,Hypocreales,Nectriaceae,Fusarium,Fusarium verticillioides 7600,334819,,yes,Fungi,Ascomycota,Sordariomycetes,Magnaporthales,Magnaporthaceae,Magnaporthe,Magnaporthe oryzae 70-15,242507,,yes,YESFungi,Ascomycota,Sordariomycetes,Sordariales,Sordariaceae,Neurospora,Neurospora crassa OR74A,367110,yes,yes,Fungi,Ascomycota,Sordariomycetes,Sordariales,Sordariaceae,Neurospora,Neurospora discreta FGSC 8579,510953,,yes,Fungi,Ascomycota,Sordariomycetes,Sordariales,Sordariaceae,Neurospora,Neurospora tetrasperma FGSC 2508,510951,,yes,Fungi,Ascomycota,Sordariomycetes,Sordariales,Sordariaceae,Sordaria,Sordaria macrospora k-hell,771870,,yes,Fungi,Basidiomycota,Agaricomycetes,Agaricales,Psathyrellaceae,Coprinopsis,Coprinopsis cinerea okayama7#130,240176,,yes,YESFungi,Basidiomycota,Agaricomycetes,Corticiales,Corticiaceae,Phanerochaete,Phanerochaete chrysosporium RP-78,273507,,yes,YESFungi,Basidiomycota,Malasseziomycetes,Malasseziales,Malasseziaceae,Malassezia,Malassezia globosa CBS 7966,425265,,yes,YESFungi,Basidiomycota,Tremellomycetes,Tremellales,Tremellaceae,Filobasidiella,Cryptococcus gattii R265,294750,,yes,Fungi,Basidiomycota,Tremellomycetes,Tremellales,Tremellaceae,Filobasidiella,Cryptococcus gattii WM276,367775,,yes,Fungi,Basidiomycota,Tremellomycetes,Tremellales,Tremellaceae,Filobasidiella,Cryptococcus neoformans var. grubii H99,235443,,yes,Fungi,Basidiomycota,Tremellomycetes,Tremellales,Tremellaceae,Filobasidiella,Cryptococcus neoformans var. neoformans B-3501A,283643,,yes,Fungi,Basidiomycota,Tremellomycetes,Tremellales,Tremellaceae,Filobasidiella,Cryptococcus neoformans var. neoformans JEC21,214684,yes,yes,Fungi,Basidiomycota,Tremellomycetes,Tremellales,Tremellaceae,Tremella,Tremella mesenterica DSM 1558,578456,,yes,Fungi,Basidiomycota,Ustilaginomycetes,Ustilaginales,Ustilaginaceae,Sporisorium,Sporisorium reilianum SRZ2,999809,,yes,Fungi,Basidiomycota,Ustilaginomycetes,Ustilaginales,Ustilaginaceae,Ustilago,Ustilago maydis 521,237631,yes,yes,YESFungi,Basidiomycota,,Pucciniales,Melampsoraceae,Melampsora,Melampsora larici-populina 98AG31,747676,,yes,YESFungi,Basidiomycota,,Pucciniales,Pucciniaceae,Puccinia,Puccinia graminis f. sp. tritici CRL 75-36-700-3,418459,,yes,YESFungi,Blastocladiomycota,Blastocladiomycetes,Blastocladiales,Blastocladiaceae,Allomyces,Allomyces macrogynus ATCC 38327,578462,,yes,YESFungi,Chytridiomycota,Chytridiomycetes,Rhizophydiales,,Batrachochytrium,Batrachochytrium dendrobatidis JEL423,403673,,yes,YESFungi,Chytridiomycota,Chytridiomycetes,Spizellomycetales,Spizellomycetaceae,Spizellomyces,Spizellomyces punctatus DAOM BR117,645134,,yes,YESFungi,,,Mucorales,Mucoraceae,Mucor,Mucor circinelloides f. lusitanicus CBS 277.49,747725,,yes,YESFungi,,,Mucorales,Phycomycetaceae,Phycomyces,Phycomyces blakesleeanus NRRL 1555(-),763407,,yes,Fungi,,,Mucorales,Rhizopodaceae,Rhizopus,Rhizopus delemar RA 99-880,246409,,yes,YESOomycetes,,,Peronosporales,Peronosporaceae,Hyaloperonospora,Hyaloperonospora arabidopsidis Emoy2,559515,,yes,YESOomycetes,,,Peronosporales,,Phytophthora,Phytophthora capsici LT1534,763924,,yes,Oomycetes,,,Peronosporales,,Phytophthora,Phytophthora cinnamomi var. cinnamomi,622258,,yes,Oomycetes,,,Peronosporales,,Phytophthora,Phytophthora infestans T30-4,403677,,yes,YESOomycetes,,,Peronosporales,,Phytophthora,Phytophthora parasitica INRA-310,761204,,yes,Oomycetes,,,Peronosporales,,Phytophthora,Phytophthora ramorum,164328,,yes,Oomycetes,,,Peronosporales,,Phytophthora,Phytophthora sojae,67593,,yes,Oomycetes,,,Pythiales,Pythiaceae,Pythium,Pythium ultimum DAOM BR144,431595,,yes,YESOomycetes,,,Saprolegniales,Saprolegniaceae,Saprolegnia,Saprolegnia parasitica CBS 223.65,695850,,yes,YES